Fund Name,P1,P2,P3,P4,P5,Topsis Score,Rank
M1,0.3954694553284079,0.4363107068467658,0.30780422429575843,0.3292582114337938,0.33094416024050627,0.6416149189167112,4
M2,0.36537938807515946,0.3695808340349075,0.27434724339404554,0.4337619046279979,0.4189262593724361,0.7761885858567026,1
M3,0.3524836449666244,0.34391549833803897,0.314495620476101,0.22260718207806493,0.23563021951424892,0.3516667133688112,7
M4,0.3094978346048409,0.2669194912474332,0.3278784128367862,0.3550262453720907,0.3524340407756041,0.46907435989338936,5
M5,0.3137964156410193,0.2720525583868069,0.43494075172226737,0.22403873951908143,0.24700721509165363,0.08402151668455195,8
M6,0.33528932082191104,0.3131170955017966,0.3278784128367862,0.4409196918330804,0.4290391443301292,0.6528412803683789,2
M7,0.4083651984369429,0.4619760425436344,0.46839773262398027,0.43161456846647317,0.43712945229628364,0.6516773035329713,3
M8,0.33528932082191104,0.3131170955017966,0.3278784128367862,0.3113637434210876,0.3147635443081973,0.43453450447506986,6
